[
  {
    "Id": 4,
    "Category": "Poster",
    "Size": "48\u0022 x 36\u0022",
    "Price": 89.99,
    "Title": "Self-portrait",
    "ArtDescription": "Vincent moved to Paris in 1886, after hearing from his brother Theo about the new, colourful style of French painting. Wasting no time, he tried it out in several self-portraits. He did this mostly to avoid having to pay for a model. Using rhythmic brushstrokes in striking colours, he portrayed himself here as a fashionably dressed Parisian.",
    "ArtDating": "1887",
    "ArtId": "SK-A-3262",
    "Artist": "Vincent van Gogh",
    "ArtistBirthDate": "1853-03-30T00:00:00",
    "ArtistDeathDate": "1890-07-29T00:00:00",
    "ArtistNationality": "Nederlands"
  },
  {
    "Id": 5,
    "Category": "Mug",
    "Size": "12oz",
    "Price": 19.99,
    "Title": "Self-portrait",
    "ArtDescription": "Vincent moved to Paris in 1886, after hearing from his brother Theo about the new, colourful style of French painting. Wasting no time, he tried it out in several self-portraits. He did this mostly to avoid having to pay for a model. Using rhythmic brushstrokes in striking colours, he portrayed himself here as a fashionably dressed Parisian.",
    "ArtDating": "1887",
    "ArtId": "SK-A-3262",
    "Artist": "Vincent van Gogh",
    "ArtistBirthDate": "1853-03-30T00:00:00",
    "ArtistDeathDate": "1890-07-29T00:00:00",
    "ArtistNationality": "Nederlands"
  }
]
