[
  {
    "Id": 0,
    "Category": "Poster",
    "Size": "48\u0022 x 36\u0022",
    "Price": 89.99,
    "Title": "Self-portrait",
    "ArtDescription": "Vincent moved to Paris in 1886, after hearing from his brother Theo about the new, colourful style of French painting. Wasting no time, he tried it out in several self-portraits. He did this mostly to avoid having to pay for a model. Using rhythmic brushstrokes in striking colours, he portrayed himself here as a fashionably dressed Parisian.",
    "ArtDating": "1887",
    "ArtId": "SK-A-3262",
    "Artist": "Vincent van Gogh",
    "ArtistBirthDate": "1853-03-30T00:00:00",
    "ArtistDeathDate": "1890-07-29T00:00:00",
    "ArtistNationality": "Nederlands"
  },
  {
    "Id": 0,
    "Category": "Mug",
    "Size": "12oz",
    "Price": 19.99,
    "Title": "Self-portrait",
    "ArtDescription": "Vincent moved to Paris in 1886, after hearing from his brother Theo about the new, colourful style of French painting. Wasting no time, he tried it out in several self-portraits. He did this mostly to avoid having to pay for a model. Using rhythmic brushstrokes in striking colours, he portrayed himself here as a fashionably dressed Parisian.",
    "ArtDating": "1887",
    "ArtId": "SK-A-3262",
    "Artist": "Vincent van Gogh",
    "ArtistBirthDate": "1853-03-30T00:00:00",
    "ArtistDeathDate": "1890-07-29T00:00:00",
    "ArtistNationality": "Nederlands"
  },
  {
    "Id": 0,
    "Category": "T-Shirt",
    "Size": "Medium",
    "Price": 29.99,
    "Title": "Self-portrait",
    "ArtDescription": "Vincent moved to Paris in 1886, after hearing from his brother Theo about the new, colourful style of French painting. Wasting no time, he tried it out in several self-portraits. He did this mostly to avoid having to pay for a model. Using rhythmic brushstrokes in striking colours, he portrayed himself here as a fashionably dressed Parisian.",
    "ArtDating": "1887",
    "ArtId": "SK-A-3262",
    "Artist": "Vincent van Gogh",
    "ArtistBirthDate": "1853-03-30T00:00:00",
    "ArtistDeathDate": "1890-07-29T00:00:00",
    "ArtistNationality": "Nederlands"
  },
  {
    "Id": 0,
    "Category": "Poster",
    "Size": "48\u0022 x 36\u0022",
    "Price": 89.99,
    "Title": "Self Portrait as the Apostle Paul",
    "ArtDescription": "This is Rembrandt\u2019s first and only self portrait in the guise of a biblical figure. The manuscript and the sword projecting from his cloak are Paul\u2019s traditional attributes. Like the other apostles Rembrandt painted in the same period, Paul too is a real, everyday person. By using his own likeness here Rembrandt encourages a direct bond with the saint.",
    "ArtDating": "1661",
    "ArtId": "SK-A-4050",
    "Artist": "Rembrandt Harmensz. van Rijn",
    "ArtistBirthDate": "1606-07-15T00:00:00",
    "ArtistDeathDate": "1669-10-08T00:00:00",
    "ArtistNationality": "Noord-Nederlands"
  },
  {
    "Id": 0,
    "Category": "Mug",
    "Size": "12oz",
    "Price": 19.99,
    "Title": "Self Portrait as the Apostle Paul",
    "ArtDescription": "This is Rembrandt\u2019s first and only self portrait in the guise of a biblical figure. The manuscript and the sword projecting from his cloak are Paul\u2019s traditional attributes. Like the other apostles Rembrandt painted in the same period, Paul too is a real, everyday person. By using his own likeness here Rembrandt encourages a direct bond with the saint.",
    "ArtDating": "1661",
    "ArtId": "SK-A-4050",
    "Artist": "Rembrandt Harmensz. van Rijn",
    "ArtistBirthDate": "1606-07-15T00:00:00",
    "ArtistDeathDate": "1669-10-08T00:00:00",
    "ArtistNationality": "Noord-Nederlands"
  },
  {
    "Id": 0,
    "Category": "T-Shirt",
    "Size": "Medium",
    "Price": 29.99,
    "Title": "Self Portrait as the Apostle Paul",
    "ArtDescription": "This is Rembrandt\u2019s first and only self portrait in the guise of a biblical figure. The manuscript and the sword projecting from his cloak are Paul\u2019s traditional attributes. Like the other apostles Rembrandt painted in the same period, Paul too is a real, everyday person. By using his own likeness here Rembrandt encourages a direct bond with the saint.",
    "ArtDating": "1661",
    "ArtId": "SK-A-4050",
    "Artist": "Rembrandt Harmensz. van Rijn",
    "ArtistBirthDate": "1606-07-15T00:00:00",
    "ArtistDeathDate": "1669-10-08T00:00:00",
    "ArtistNationality": "Noord-Nederlands"
  },
  {
    "Id": 0,
    "Category": "Poster",
    "Size": "48\u0022 x 36\u0022",
    "Price": 89.99,
    "Title": "Self-portrait",
    "ArtDescription": "Even as an inexperienced young artist, Rembrandt did not shy away from experimenting. Here the light\nglances along his right cheek, while the rest of his face is veiled in shadow. It takes a while to realize that the\nartist is gazing intently out at us. Using the butt end of his brush, Rembrandt made scratches in the still wet\npaint to accentuate the curls of his tousled hair.",
    "ArtDating": "c. 1628",
    "ArtId": "SK-A-4691",
    "Artist": "Rembrandt Harmensz. van Rijn",
    "ArtistBirthDate": "1606-07-15T00:00:00",
    "ArtistDeathDate": "1669-10-08T00:00:00",
    "ArtistNationality": "Noord-Nederlands"
  },
  {
    "Id": 0,
    "Category": "Mug",
    "Size": "12oz",
    "Price": 19.99,
    "Title": "Self-portrait",
    "ArtDescription": "Even as an inexperienced young artist, Rembrandt did not shy away from experimenting. Here the light\nglances along his right cheek, while the rest of his face is veiled in shadow. It takes a while to realize that the\nartist is gazing intently out at us. Using the butt end of his brush, Rembrandt made scratches in the still wet\npaint to accentuate the curls of his tousled hair.",
    "ArtDating": "c. 1628",
    "ArtId": "SK-A-4691",
    "Artist": "Rembrandt Harmensz. van Rijn",
    "ArtistBirthDate": "1606-07-15T00:00:00",
    "ArtistDeathDate": "1669-10-08T00:00:00",
    "ArtistNationality": "Noord-Nederlands"
  },
  {
    "Id": 0,
    "Category": "T-Shirt",
    "Size": "Medium",
    "Price": 29.99,
    "Title": "Self-portrait",
    "ArtDescription": "Even as an inexperienced young artist, Rembrandt did not shy away from experimenting. Here the light\nglances along his right cheek, while the rest of his face is veiled in shadow. It takes a while to realize that the\nartist is gazing intently out at us. Using the butt end of his brush, Rembrandt made scratches in the still wet\npaint to accentuate the curls of his tousled hair.",
    "ArtDating": "c. 1628",
    "ArtId": "SK-A-4691",
    "Artist": "Rembrandt Harmensz. van Rijn",
    "ArtistBirthDate": "1606-07-15T00:00:00",
    "ArtistDeathDate": "1669-10-08T00:00:00",
    "ArtistNationality": "Noord-Nederlands"
  },
  {
    "Id": 0,
    "Category": "Poster",
    "Size": "48\u0022 x 36\u0022",
    "Price": 89.99,
    "Title": "Portrait de Marten Soolmans",
    "ArtDescription": "Marten \u00E9tait le fils d\u2019un riche immigrant flamand, propri\u00E9taire d\u2019une prosp\u00E8re raffinerie de sucre \u00E0 Amsterdam. Plein d\u2019assurance, il posa en 1634 pour Rembrandt qui \u00E9tait alors l\u2019un des peintres portraitistes les plus sollicit\u00E9s d\u2019Amsterdam. Les deux hommes s\u2019\u00E9taient probablement rencontr\u00E9s dans la ville de Leyde o\u00F9 Marten avait fait auparavant des \u00E9tudes de droit. Son costume exub\u00E9rant, garni de dentelle co\u00FBteuse et d\u2019extravagantes rosettes \u00E0 ses souliers, lui valurent au XIXe si\u00E8cle le qualificatif de \u2018dandy\u2019.",
    "ArtDating": "1634",
    "ArtId": "SK-A-5033",
    "Artist": "Rembrandt Harmensz. van Rijn",
    "ArtistBirthDate": "1606-07-15T00:00:00",
    "ArtistDeathDate": "1669-10-08T00:00:00",
    "ArtistNationality": "Noord-Nederlands"
  },
  {
    "Id": 0,
    "Category": "Mug",
    "Size": "12oz",
    "Price": 19.99,
    "Title": "Portrait de Marten Soolmans",
    "ArtDescription": "Marten \u00E9tait le fils d\u2019un riche immigrant flamand, propri\u00E9taire d\u2019une prosp\u00E8re raffinerie de sucre \u00E0 Amsterdam. Plein d\u2019assurance, il posa en 1634 pour Rembrandt qui \u00E9tait alors l\u2019un des peintres portraitistes les plus sollicit\u00E9s d\u2019Amsterdam. Les deux hommes s\u2019\u00E9taient probablement rencontr\u00E9s dans la ville de Leyde o\u00F9 Marten avait fait auparavant des \u00E9tudes de droit. Son costume exub\u00E9rant, garni de dentelle co\u00FBteuse et d\u2019extravagantes rosettes \u00E0 ses souliers, lui valurent au XIXe si\u00E8cle le qualificatif de \u2018dandy\u2019.",
    "ArtDating": "1634",
    "ArtId": "SK-A-5033",
    "Artist": "Rembrandt Harmensz. van Rijn",
    "ArtistBirthDate": "1606-07-15T00:00:00",
    "ArtistDeathDate": "1669-10-08T00:00:00",
    "ArtistNationality": "Noord-Nederlands"
  },
  {
    "Id": 0,
    "Category": "T-Shirt",
    "Size": "Medium",
    "Price": 29.99,
    "Title": "Portrait de Marten Soolmans",
    "ArtDescription": "Marten \u00E9tait le fils d\u2019un riche immigrant flamand, propri\u00E9taire d\u2019une prosp\u00E8re raffinerie de sucre \u00E0 Amsterdam. Plein d\u2019assurance, il posa en 1634 pour Rembrandt qui \u00E9tait alors l\u2019un des peintres portraitistes les plus sollicit\u00E9s d\u2019Amsterdam. Les deux hommes s\u2019\u00E9taient probablement rencontr\u00E9s dans la ville de Leyde o\u00F9 Marten avait fait auparavant des \u00E9tudes de droit. Son costume exub\u00E9rant, garni de dentelle co\u00FBteuse et d\u2019extravagantes rosettes \u00E0 ses souliers, lui valurent au XIXe si\u00E8cle le qualificatif de \u2018dandy\u2019.",
    "ArtDating": "1634",
    "ArtId": "SK-A-5033",
    "Artist": "Rembrandt Harmensz. van Rijn",
    "ArtistBirthDate": "1606-07-15T00:00:00",
    "ArtistDeathDate": "1669-10-08T00:00:00",
    "ArtistNationality": "Noord-Nederlands"
  },
  {
    "Id": 0,
    "Category": "Poster",
    "Size": "48\u0022 x 36\u0022",
    "Price": 89.99,
    "Title": "The Milkmaid",
    "ArtDescription": "A maidservant pours milk, entirely absorbed in her work. Except for the stream of milk, everything else is still. Vermeer took this simple everyday activity and made it the subject of an impressive painting \u2013 the woman stands like a statue in the brightly lit room. Vermeer also had an eye for how light by means of hundreds of colourful dots plays over the surface of objects.",
    "ArtDating": "c. 1660",
    "ArtId": "SK-A-2344",
    "Artist": "Johannes Vermeer",
    "ArtistBirthDate": "1632-10-31T00:00:00",
    "ArtistDeathDate": "1675-12-15T00:00:00",
    "ArtistNationality": "Noord-Nederlands"
  },
  {
    "Id": 0,
    "Category": "Mug",
    "Size": "12oz",
    "Price": 19.99,
    "Title": "The Milkmaid",
    "ArtDescription": "A maidservant pours milk, entirely absorbed in her work. Except for the stream of milk, everything else is still. Vermeer took this simple everyday activity and made it the subject of an impressive painting \u2013 the woman stands like a statue in the brightly lit room. Vermeer also had an eye for how light by means of hundreds of colourful dots plays over the surface of objects.",
    "ArtDating": "c. 1660",
    "ArtId": "SK-A-2344",
    "Artist": "Johannes Vermeer",
    "ArtistBirthDate": "1632-10-31T00:00:00",
    "ArtistDeathDate": "1675-12-15T00:00:00",
    "ArtistNationality": "Noord-Nederlands"
  },
  {
    "Id": 0,
    "Category": "T-Shirt",
    "Size": "Medium",
    "Price": 29.99,
    "Title": "The Milkmaid",
    "ArtDescription": "A maidservant pours milk, entirely absorbed in her work. Except for the stream of milk, everything else is still. Vermeer took this simple everyday activity and made it the subject of an impressive painting \u2013 the woman stands like a statue in the brightly lit room. Vermeer also had an eye for how light by means of hundreds of colourful dots plays over the surface of objects.",
    "ArtDating": "c. 1660",
    "ArtId": "SK-A-2344",
    "Artist": "Johannes Vermeer",
    "ArtistBirthDate": "1632-10-31T00:00:00",
    "ArtistDeathDate": "1675-12-15T00:00:00",
    "ArtistNationality": "Noord-Nederlands"
  },
  {
    "Id": 0,
    "Category": "Poster",
    "Size": "48\u0022 x 36\u0022",
    "Price": 89.99,
    "Title": "Portrait of Johannes Wtenbogaert",
    "ArtDescription": "The 76-year-old Remonstrant minister, once the court chaplain of Prince Maurice, wears a calotte (skullcap)\nand a \u2018tabard\u2019, a fur-lined cloak \u2013 the kind of clothing elderly scholars preferred to be portrayed in. Wtenbogaert\u2019s face is more realistically modelled than his hands, which may have been done by a pupil in Rembrandt\u2019s workshop.",
    "ArtDating": "1633",
    "ArtId": "SK-A-4885",
    "Artist": "Rembrandt Harmensz. van Rijn",
    "ArtistBirthDate": "1606-07-15T00:00:00",
    "ArtistDeathDate": "1669-10-08T00:00:00",
    "ArtistNationality": "Noord-Nederlands"
  },
  {
    "Id": 0,
    "Category": "Mug",
    "Size": "12oz",
    "Price": 19.99,
    "Title": "Portrait of Johannes Wtenbogaert",
    "ArtDescription": "The 76-year-old Remonstrant minister, once the court chaplain of Prince Maurice, wears a calotte (skullcap)\nand a \u2018tabard\u2019, a fur-lined cloak \u2013 the kind of clothing elderly scholars preferred to be portrayed in. Wtenbogaert\u2019s face is more realistically modelled than his hands, which may have been done by a pupil in Rembrandt\u2019s workshop.",
    "ArtDating": "1633",
    "ArtId": "SK-A-4885",
    "Artist": "Rembrandt Harmensz. van Rijn",
    "ArtistBirthDate": "1606-07-15T00:00:00",
    "ArtistDeathDate": "1669-10-08T00:00:00",
    "ArtistNationality": "Noord-Nederlands"
  },
  {
    "Id": 0,
    "Category": "T-Shirt",
    "Size": "Medium",
    "Price": 29.99,
    "Title": "Portrait of Johannes Wtenbogaert",
    "ArtDescription": "The 76-year-old Remonstrant minister, once the court chaplain of Prince Maurice, wears a calotte (skullcap)\nand a \u2018tabard\u2019, a fur-lined cloak \u2013 the kind of clothing elderly scholars preferred to be portrayed in. Wtenbogaert\u2019s face is more realistically modelled than his hands, which may have been done by a pupil in Rembrandt\u2019s workshop.",
    "ArtDating": "1633",
    "ArtId": "SK-A-4885",
    "Artist": "Rembrandt Harmensz. van Rijn",
    "ArtistBirthDate": "1606-07-15T00:00:00",
    "ArtistDeathDate": "1669-10-08T00:00:00",
    "ArtistNationality": "Noord-Nederlands"
  },
  {
    "Id": 0,
    "Category": "Poster",
    "Size": "48\u0022 x 36\u0022",
    "Price": 89.99,
    "Title": "Musical Company",
    "ArtDescription": "This curious painting refuses to divulge its secrets. The image can be interpreted as an admonition to praise God with singing and music-making, but also as a risqu\u00E9 scene of seduction. The young woman\u2019s gaudy garments and red shoes are in questionable taste, and the old woman looks suspiciously like a procuress. Perhaps the painting contains a warning against immoral conduct.",
    "ArtDating": "1626",
    "ArtId": "SK-A-4674",
    "Artist": "Rembrandt Harmensz. van Rijn",
    "ArtistBirthDate": "1606-07-15T00:00:00",
    "ArtistDeathDate": "1669-10-08T00:00:00",
    "ArtistNationality": "Noord-Nederlands"
  },
  {
    "Id": 0,
    "Category": "Mug",
    "Size": "12oz",
    "Price": 19.99,
    "Title": "Musical Company",
    "ArtDescription": "This curious painting refuses to divulge its secrets. The image can be interpreted as an admonition to praise God with singing and music-making, but also as a risqu\u00E9 scene of seduction. The young woman\u2019s gaudy garments and red shoes are in questionable taste, and the old woman looks suspiciously like a procuress. Perhaps the painting contains a warning against immoral conduct.",
    "ArtDating": "1626",
    "ArtId": "SK-A-4674",
    "Artist": "Rembrandt Harmensz. van Rijn",
    "ArtistBirthDate": "1606-07-15T00:00:00",
    "ArtistDeathDate": "1669-10-08T00:00:00",
    "ArtistNationality": "Noord-Nederlands"
  },
  {
    "Id": 0,
    "Category": "T-Shirt",
    "Size": "Medium",
    "Price": 29.99,
    "Title": "Musical Company",
    "ArtDescription": "This curious painting refuses to divulge its secrets. The image can be interpreted as an admonition to praise God with singing and music-making, but also as a risqu\u00E9 scene of seduction. The young woman\u2019s gaudy garments and red shoes are in questionable taste, and the old woman looks suspiciously like a procuress. Perhaps the painting contains a warning against immoral conduct.",
    "ArtDating": "1626",
    "ArtId": "SK-A-4674",
    "Artist": "Rembrandt Harmensz. van Rijn",
    "ArtistBirthDate": "1606-07-15T00:00:00",
    "ArtistDeathDate": "1669-10-08T00:00:00",
    "ArtistNationality": "Noord-Nederlands"
  },
  {
    "Id": 0,
    "Category": "Poster",
    "Size": "48\u0022 x 36\u0022",
    "Price": 89.99,
    "Title": "View of Houses in Delft, Known as The Little Street",
    "ArtDescription": "This is an unusual painting in Vermeer\u2019s oeuvre, and remarkable for its time as a portrait of ordinary houses. The composition is as exciting as it is balanced. The old walls with their bricks, whitewash, and cracks are almost tangible. The location is Vlamingstraat 40\u201342 in Delft. Vermeer\u2019s\naunt Ariaentgen Claes lived in the house at the right, with her children, from around 1645 until her death in 1670.",
    "ArtDating": "c. 1658",
    "ArtId": "SK-A-2860",
    "Artist": "Johannes Vermeer",
    "ArtistBirthDate": "1632-10-31T00:00:00",
    "ArtistDeathDate": "1675-12-15T00:00:00",
    "ArtistNationality": "Noord-Nederlands"
  },
  {
    "Id": 0,
    "Category": "Mug",
    "Size": "12oz",
    "Price": 19.99,
    "Title": "View of Houses in Delft, Known as The Little Street",
    "ArtDescription": "This is an unusual painting in Vermeer\u2019s oeuvre, and remarkable for its time as a portrait of ordinary houses. The composition is as exciting as it is balanced. The old walls with their bricks, whitewash, and cracks are almost tangible. The location is Vlamingstraat 40\u201342 in Delft. Vermeer\u2019s\naunt Ariaentgen Claes lived in the house at the right, with her children, from around 1645 until her death in 1670.",
    "ArtDating": "c. 1658",
    "ArtId": "SK-A-2860",
    "Artist": "Johannes Vermeer",
    "ArtistBirthDate": "1632-10-31T00:00:00",
    "ArtistDeathDate": "1675-12-15T00:00:00",
    "ArtistNationality": "Noord-Nederlands"
  },
  {
    "Id": 0,
    "Category": "T-Shirt",
    "Size": "Medium",
    "Price": 29.99,
    "Title": "View of Houses in Delft, Known as The Little Street",
    "ArtDescription": "This is an unusual painting in Vermeer\u2019s oeuvre, and remarkable for its time as a portrait of ordinary houses. The composition is as exciting as it is balanced. The old walls with their bricks, whitewash, and cracks are almost tangible. The location is Vlamingstraat 40\u201342 in Delft. Vermeer\u2019s\naunt Ariaentgen Claes lived in the house at the right, with her children, from around 1645 until her death in 1670.",
    "ArtDating": "c. 1658",
    "ArtId": "SK-A-2860",
    "Artist": "Johannes Vermeer",
    "ArtistBirthDate": "1632-10-31T00:00:00",
    "ArtistDeathDate": "1675-12-15T00:00:00",
    "ArtistNationality": "Noord-Nederlands"
  }
]